{
  "phases": [
    {
      "id": "T0",
      "title": "Instalação",
      "start": "2025-11-16",
      "end": "2025-12-15",
      "tasks": [
        {
          "id": "T0-1",
          "title": "Instituir Regime Transitório (RIT-TR)",
          "done": true
        },
        {
          "id": "T0-2",
          "title": "Nomear Trustee interino e Secretaria do Ledger",
          "done": false
        },
        {
          "id": "T0-3",
          "title": "Aprovar Políticas-base",
          "done": false
        },
        {
          "id": "T0-4",
          "title": "Publicação Bilíngue das normas",
          "done": false
        },
        {
          "id": "T0-5",
          "title": "Ativar CI de Provas e página Provas ao vivo",
          "done": true
        }
      ]
    }
  ]
}