{
  "$id": "https://logline.foundation/schemas/jsonatomic.rit.schema.json",
  "$schema": "https://json-schema.org/draft/2020-12/schema",
  "allOf": [
    {
      "$ref": "jsonatomic.base.schema.json"
    }
  ],
  "properties": {
    "type": {
      "const": "RIT"
    },
    "subtype": {
      "type": "string",
      "enum": [
        "publicacao_bilingue",
        "ratificacao_t2",
        "aprovacao_politica"
      ]
    },
    "machine_gate": {
      "enum": [
        "PASSED",
        "REQUIRED"
      ]
    },
    "payload": {
      "type": "object"
    }
  },
  "required": [
    "subtype",
    "payload"
  ]
}